seg,spread_pct,n_comps,pct_at_10,pct_at_15,pct_at_20,pct_at_25,pct_at_30
metro,26.40212918924105,25,28.000000000000004,16.0,12.0,8.0,8.0
regional,26.235361931960504,25,36.0,32.0,16.0,8.0,8.0
metro,66.47671906459698,25,36.0,28.000000000000004,20.0,20.0,16.0
regional,47.496472087419114,25,32.0,24.0,20.0,16.0,12.0
metro,38.24959013787537,25,32.0,20.0,16.0,8.0,4.0
metro,35.52807183983594,25,28.000000000000004,20.0,12.0,4.0,4.0
regional,31.681769714327757,25,28.000000000000004,24.0,24.0,12.0,8.0
metro,25.688084777364296,25,36.0,20.0,20.0,12.0,8.0
metro,25.009998873288612,25,36.0,20.0,8.0,4.0,4.0
regional,54.497996623824676,25,40.0,32.0,28.000000000000004,28.000000000000004,24.0
metro,58.90490223435882,25,32.0,32.0,28.000000000000004,16.0,4.0
metro,25.174784598317622,25,40.0,28.000000000000004,16.0,12.0,8.0
metro,62.772623155776294,25,40.0,40.0,36.0,32.0,28.000000000000004
regional,37.37803481740653,25,32.0,28.000000000000004,24.0,20.0,16.0
regional,21.082840302584113,25,20.0,12.0,8.0,8.0,8.0
regional,26.93169306722516,25,36.0,20.0,12.0,12.0,8.0
metro,72.33645243354553,25,40.0,40.0,32.0,28.000000000000004,24.0
regional,26.01333282076909,25,16.0,8.0,0.0,0.0,0.0
metro,17.173516438666752,25,20.0,8.0,8.0,8.0,4.0
regional,47.10683387076184,25,32.0,32.0,28.000000000000004,20.0,16.0
metro,39.71983453069691,25,32.0,20.0,20.0,12.0,8.0
regional,66.06899315654863,25,40.0,40.0,40.0,36.0,32.0
regional,20.35873858486857,25,32.0,16.0,8.0,0.0,0.0
metro,35.32414625869279,25,40.0,32.0,24.0,20.0,20.0
regional,48.3678750039693,25,32.0,32.0,24.0,20.0,16.0
metro,42.00047198992804,25,28.000000000000004,28.000000000000004,24.0,16.0,16.0
regional,32.77355031421913,25,28.000000000000004,20.0,8.0,8.0,8.0
metro,87.51363140676118,25,36.0,28.000000000000004,24.0,24.0,24.0
metro,20.580315841473872,25,32.0,20.0,12.0,12.0,8.0
metro,20.142443150671603,25,36.0,20.0,16.0,16.0,16.0
regional,28.14187399496546,25,28.000000000000004,16.0,12.0,4.0,4.0
regional,29.124678866132037,25,16.0,16.0,12.0,8.0,0.0
regional,26.862295413513444,25,24.0,16.0,12.0,12.0,12.0
metro,14.919187998421618,25,8.0,4.0,0.0,0.0,0.0
metro,31.709757937108048,25,40.0,24.0,12.0,0.0,0.0
regional,35.13873160801163,25,36.0,28.000000000000004,12.0,8.0,8.0
regional,75.4516481810393,25,48.0,48.0,48.0,32.0,28.000000000000004
regional,25.762484171820326,25,28.000000000000004,20.0,4.0,0.0,0.0
metro,31.276264509651174,25,32.0,20.0,8.0,4.0,4.0
metro,17.172337767481086,25,12.0,8.0,4.0,4.0,4.0
metro,21.780925336648473,25,24.0,16.0,12.0,12.0,12.0
regional,25.547210206775578,25,36.0,20.0,20.0,16.0,16.0
metro,53.26856348437451,25,36.0,28.000000000000004,24.0,16.0,0.0
metro,130.32906374729603,25,40.0,40.0,32.0,28.000000000000004,24.0
regional,24.11838805509137,25,32.0,16.0,4.0,4.0,4.0
regional,63.04434985214793,25,40.0,36.0,36.0,32.0,20.0
regional,24.375273963984778,25,20.0,12.0,12.0,4.0,4.0
regional,26.541840725091436,25,16.0,4.0,4.0,4.0,4.0
regional,13.576308843353871,25,16.0,4.0,4.0,0.0,0.0
metro,64.77984911627983,25,40.0,40.0,28.000000000000004,24.0,20.0
regional,33.87085476712436,25,24.0,20.0,8.0,0.0,0.0
metro,16.701161092129066,25,32.0,16.0,12.0,12.0,12.0
regional,18.444699919332194,25,20.0,16.0,16.0,12.0,0.0
regional,38.12417664978723,25,32.0,32.0,24.0,20.0,20.0
metro,58.3660099483485,25,36.0,32.0,32.0,28.000000000000004,24.0
regional,27.387152112302342,25,32.0,20.0,16.0,8.0,8.0
metro,32.154988581739616,25,12.0,12.0,4.0,4.0,4.0
metro,24.174892400711315,25,36.0,28.000000000000004,12.0,8.0,4.0
metro,27.01101653865089,25,40.0,28.000000000000004,20.0,12.0,4.0
regional,24.483921932332812,25,32.0,20.0,20.0,20.0,20.0
regional,21.097523693664932,25,20.0,8.0,4.0,4.0,4.0
regional,25.76759913581355,25,28.000000000000004,16.0,12.0,8.0,8.0
regional,48.61111111111112,25,36.0,28.000000000000004,28.000000000000004,20.0,8.0
regional,24.044258714212425,25,44.0,24.0,20.0,8.0,4.0
metro,41.61103896683412,25,40.0,36.0,36.0,24.0,12.0
metro,68.52428821938345,25,44.0,40.0,32.0,28.000000000000004,24.0
regional,24.645196719153066,25,36.0,20.0,16.0,12.0,12.0
metro,15.623127194433264,25,28.000000000000004,16.0,0.0,0.0,0.0
regional,33.55376103185654,25,40.0,32.0,20.0,20.0,20.0
metro,31.17064144726937,25,36.0,28.000000000000004,24.0,8.0,4.0
regional,16.339741907305083,25,24.0,16.0,12.0,12.0,12.0
metro,47.24908437523433,25,36.0,36.0,32.0,24.0,24.0
regional,33.85826771653542,25,24.0,12.0,8.0,8.0,8.0
metro,37.352924034248844,25,36.0,32.0,24.0,16.0,12.0
metro,48.660714285714285,25,44.0,44.0,36.0,24.0,16.0
regional,33.71929499834286,25,40.0,40.0,32.0,24.0,20.0
metro,29.18011181111974,25,40.0,28.000000000000004,24.0,24.0,20.0
regional,15.61898374123856,25,12.0,12.0,12.0,4.0,0.0
metro,13.228755075802253,25,24.0,8.0,4.0,0.0,0.0
metro,21.264267489538142,25,20.0,20.0,16.0,4.0,0.0
metro,16.507868172668584,25,24.0,12.0,8.0,0.0,0.0
metro,23.213410708702256,25,28.000000000000004,24.0,16.0,12.0,4.0
regional,65.00917859409104,25,40.0,40.0,32.0,28.000000000000004,28.000000000000004
metro,25.884000719247318,25,24.0,4.0,4.0,4.0,4.0
metro,24.251178668596136,25,24.0,20.0,12.0,12.0,4.0
metro,19.13469685421513,25,24.0,16.0,12.0,12.0,8.0
metro,24.833133531937218,25,20.0,16.0,16.0,16.0,16.0
regional,15.955035041146557,25,28.000000000000004,16.0,16.0,8.0,8.0
regional,48.74007119872118,25,40.0,36.0,28.000000000000004,16.0,12.0
metro,62.408342484759984,25,36.0,32.0,28.000000000000004,16.0,8.0
regional,43.38394793926248,25,40.0,40.0,36.0,24.0,20.0
metro,29.390526558853825,25,44.0,36.0,24.0,20.0,12.0
metro,35.75105263159068,25,32.0,28.000000000000004,24.0,20.0,4.0
metro,38.47067137130236,25,36.0,36.0,24.0,20.0,8.0
metro,49.57224506890386,25,40.0,28.000000000000004,20.0,20.0,16.0
regional,28.764149437525493,25,36.0,32.0,24.0,12.0,8.0
regional,21.078755039284733,25,24.0,16.0,8.0,8.0,4.0
regional,52.38673651058253,25,40.0,32.0,32.0,28.000000000000004,20.0
metro,13.256456705014152,25,20.0,16.0,8.0,4.0,4.0
metro,17.77247866296711,25,28.000000000000004,16.0,8.0,4.0,4.0
regional,14.66835001067121,25,24.0,24.0,20.0,16.0,12.0
regional,42.196584494276266,25,32.0,16.0,8.0,8.0,8.0
regional,24.610750430588173,25,24.0,20.0,20.0,20.0,16.0
regional,19.557880217211558,25,24.0,12.0,8.0,8.0,8.0
regional,25.178509287589222,25,36.0,20.0,16.0,12.0,8.0
regional,12.854934298177447,25,16.0,8.0,8.0,8.0,8.0
metro,77.07854176957477,25,28.000000000000004,24.0,20.0,20.0,16.0
regional,45.73666018103045,25,36.0,28.000000000000004,16.0,12.0,12.0
metro,24.74519670073081,25,32.0,12.0,12.0,12.0,8.0
metro,21.115319195033138,25,36.0,20.0,16.0,8.0,4.0
regional,36.91228850780143,25,36.0,24.0,12.0,12.0,8.0
metro,22.890822110950953,25,36.0,32.0,16.0,8.0,0.0
metro,61.74259319067923,25,48.0,44.0,40.0,40.0,32.0
regional,43.11048700928696,25,40.0,28.000000000000004,16.0,16.0,12.0
regional,29.578846487230763,25,32.0,24.0,24.0,20.0,12.0
regional,22.93201196597349,25,20.0,20.0,16.0,12.0,12.0
metro,25.103553340515777,25,28.000000000000004,28.000000000000004,12.0,12.0,4.0
regional,52.252989134150205,25,36.0,32.0,28.000000000000004,24.0,12.0
regional,22.07792207792208,25,20.0,20.0,20.0,12.0,12.0
metro,50.696713762916254,25,36.0,28.000000000000004,20.0,16.0,4.0
metro,31.878978942423753,25,32.0,32.0,16.0,12.0,12.0
metro,23.63353972609257,25,28.000000000000004,20.0,16.0,16.0,8.0
regional,19.997412179613168,25,28.000000000000004,16.0,4.0,0.0,0.0
regional,16.00614622412261,25,28.000000000000004,16.0,16.0,12.0,4.0
metro,14.933379489000536,25,20.0,12.0,4.0,0.0,0.0
metro,23.94176136506437,25,16.0,16.0,8.0,4.0,4.0
regional,45.7363474016487,25,32.0,24.0,16.0,16.0,16.0
metro,25.72933898493502,25,32.0,24.0,24.0,20.0,12.0
metro,40.45211715991127,25,32.0,32.0,32.0,28.000000000000004,16.0
regional,45.908488211041806,25,44.0,40.0,28.000000000000004,24.0,16.0
regional,31.611802548036312,25,36.0,32.0,24.0,24.0,20.0
metro,29.18011181111973,25,40.0,28.000000000000004,20.0,20.0,16.0
metro,23.21639729828478,25,36.0,20.0,20.0,16.0,16.0
regional,31.213614050030618,25,36.0,24.0,20.0,20.0,16.0
regional,24.254319107537412,25,20.0,8.0,8.0,4.0,4.0
metro,20.41236623794938,25,20.0,16.0,8.0,4.0,4.0
metro,28.240665214812655,25,24.0,20.0,20.0,20.0,12.0
regional,28.61623380215847,25,32.0,16.0,16.0,12.0,12.0
metro,12.974163707983735,25,20.0,8.0,8.0,8.0,4.0
metro,23.92627602654447,25,36.0,28.000000000000004,16.0,8.0,8.0
metro,25.325635389402045,25,20.0,20.0,16.0,12.0,8.0
metro,30.447865157439104,25,32.0,32.0,28.000000000000004,24.0,16.0
regional,31.52500696467202,25,44.0,36.0,24.0,20.0,16.0
regional,20.978164970780128,25,36.0,20.0,16.0,12.0,4.0
metro,15.559477488164692,25,28.000000000000004,20.0,12.0,4.0,4.0
metro,33.74949187573261,25,8.0,4.0,4.0,4.0,4.0
regional,33.49399329118536,25,32.0,24.0,12.0,12.0,12.0
metro,52.85299690907781,25,32.0,28.000000000000004,16.0,12.0,8.0
regional,22.183886036593357,25,40.0,24.0,20.0,20.0,16.0
regional,40.51477669355645,25,28.000000000000004,12.0,12.0,12.0,0.0
metro,20.245813338530226,25,16.0,12.0,12.0,8.0,4.0
metro,63.76686302965121,25,48.0,44.0,44.0,36.0,20.0
regional,40.38534492012425,25,36.0,32.0,20.0,8.0,8.0
regional,12.384272071836373,25,20.0,12.0,12.0,12.0,8.0
regional,17.776905117511674,25,24.0,12.0,8.0,4.0,4.0
regional,10.821499153480406,25,4.0,4.0,4.0,4.0,4.0
metro,51.14441798043742,25,48.0,36.0,32.0,28.000000000000004,24.0
metro,88.61724555090709,25,44.0,36.0,28.000000000000004,28.000000000000004,20.0
regional,41.48159924074595,25,36.0,24.0,24.0,20.0,20.0
metro,39.95253164556962,25,48.0,44.0,28.000000000000004,20.0,4.0
metro,21.130557118793433,25,16.0,8.0,8.0,8.0,4.0
metro,11.727186515957062,25,16.0,12.0,8.0,4.0,4.0
regional,23.78122575814815,25,24.0,16.0,12.0,12.0,12.0
regional,29.806719908286755,25,36.0,24.0,20.0,20.0,16.0
metro,53.16016976766653,25,44.0,40.0,32.0,32.0,24.0
metro,30.767354960135552,25,36.0,24.0,24.0,8.0,4.0
metro,18.673017746109558,25,20.0,20.0,12.0,8.0,4.0
regional,36.67573364051198,25,24.0,16.0,16.0,8.0,4.0
regional,15.838351502647305,25,24.0,24.0,20.0,4.0,4.0
metro,14.435145600363569,25,28.000000000000004,20.0,12.0,4.0,0.0
metro,28.628858244694968,25,32.0,20.0,12.0,8.0,4.0
regional,19.58012071999693,25,20.0,12.0,12.0,4.0,0.0
metro,30.756580471013645,25,40.0,36.0,16.0,12.0,4.0
metro,39.580865851062626,25,28.000000000000004,24.0,16.0,16.0,12.0
metro,69.1112437747838,25,44.0,36.0,32.0,28.000000000000004,28.000000000000004
metro,33.9414619801698,25,32.0,24.0,16.0,16.0,16.0
regional,36.34837167451531,25,32.0,32.0,20.0,20.0,20.0
metro,44.23386941645081,25,36.0,24.0,16.0,12.0,8.0
regional,38.68595391042135,25,36.0,32.0,28.000000000000004,24.0,24.0
metro,13.847479896293116,25,12.0,12.0,8.0,4.0,4.0
regional,29.28571428571429,25,32.0,16.0,16.0,12.0,4.0
metro,31.706267713653958,25,36.0,28.000000000000004,24.0,16.0,12.0
regional,17.99354627202908,25,16.0,12.0,8.0,4.0,4.0
regional,24.10148686421208,25,32.0,20.0,20.0,12.0,12.0
metro,58.3660099483485,25,36.0,32.0,32.0,28.000000000000004,24.0
metro,53.66711365980832,25,32.0,20.0,20.0,12.0,12.0
regional,35.33674098613803,25,40.0,32.0,28.000000000000004,28.000000000000004,12.0
metro,63.41442226051453,25,28.000000000000004,20.0,16.0,12.0,12.0
metro,19.228830028987623,25,24.0,20.0,16.0,12.0,12.0
metro,30.85633128169924,25,36.0,24.0,24.0,16.0,16.0
regional,8.117332274146309,25,8.0,4.0,4.0,4.0,4.0
regional,53.26937710305432,25,44.0,36.0,20.0,12.0,8.0
metro,43.175304504984005,25,36.0,24.0,20.0,12.0,8.0
metro,34.57127909472087,25,36.0,24.0,20.0,8.0,4.0
metro,20.62087109890435,25,32.0,24.0,16.0,16.0,12.0
regional,20.261103994228716,25,28.000000000000004,24.0,24.0,24.0,24.0
metro,23.89321897134884,25,28.000000000000004,16.0,12.0,8.0,8.0
regional,27.693761615913342,25,40.0,36.0,24.0,24.0,16.0
metro,19.903608497694268,25,24.0,16.0,16.0,12.0,8.0
regional,35.83189994064707,25,28.000000000000004,20.0,20.0,16.0,12.0
metro,28.946408864437075,25,32.0,24.0,0.0,0.0,0.0
regional,25.085966104549833,25,32.0,32.0,20.0,16.0,12.0
metro,83.8279003232094,25,32.0,28.000000000000004,24.0,20.0,4.0
metro,22.225544150504312,25,20.0,12.0,4.0,4.0,4.0
metro,23.209597283621356,25,32.0,20.0,16.0,8.0,8.0
metro,15.994089152386456,25,20.0,0.0,0.0,0.0,0.0
regional,15.60877457259904,25,16.0,16.0,12.0,12.0,8.0
metro,59.929099717275804,25,44.0,40.0,36.0,28.000000000000004,24.0
metro,24.973195825628142,25,28.000000000000004,20.0,4.0,0.0,0.0
metro,17.54239900325456,25,24.0,8.0,8.0,4.0,4.0
regional,46.880525669926165,25,32.0,24.0,24.0,20.0,16.0
metro,28.013074795463883,25,32.0,32.0,24.0,12.0,8.0
metro,30.564750401266394,25,20.0,16.0,12.0,4.0,4.0
regional,44.40899757964564,25,40.0,24.0,12.0,8.0,8.0
regional,21.066192012045505,25,16.0,16.0,8.0,4.0,4.0
metro,9.615784162753515,25,20.0,12.0,8.0,8.0,8.0
regional,42.00408167847052,25,40.0,28.000000000000004,28.000000000000004,24.0,20.0
regional,54.51327433628319,25,36.0,32.0,32.0,20.0,12.0
metro,40.82511846682031,25,36.0,32.0,28.000000000000004,24.0,20.0
metro,49.024213703388284,25,36.0,24.0,24.0,16.0,16.0
regional,36.12784154522164,25,32.0,28.000000000000004,24.0,20.0,20.0
regional,29.711608219502228,25,36.0,32.0,28.000000000000004,20.0,20.0
metro,35.104515496884034,25,28.000000000000004,28.000000000000004,28.000000000000004,20.0,20.0
regional,28.505108575869244,25,36.0,32.0,16.0,4.0,4.0
metro,64.30996537787337,25,44.0,40.0,28.000000000000004,20.0,20.0
regional,16.382799740693564,25,12.0,8.0,8.0,4.0,4.0
regional,29.260369070105984,25,44.0,32.0,20.0,20.0,20.0
regional,10.929470661888866,25,28.000000000000004,20.0,20.0,20.0,12.0
regional,25.92988504084857,25,24.0,12.0,4.0,4.0,4.0
regional,18.307446470282752,25,28.000000000000004,12.0,8.0,8.0,8.0
regional,32.64840472114662,25,32.0,20.0,16.0,16.0,12.0
regional,37.25508347371132,25,32.0,28.000000000000004,20.0,8.0,8.0
metro,52.18054505550944,25,48.0,44.0,36.0,36.0,24.0
regional,40.229564818776055,25,36.0,32.0,32.0,32.0,32.0
metro,25.55157916493479,25,44.0,36.0,28.000000000000004,20.0,16.0
regional,46.37172962342747,25,32.0,28.000000000000004,28.000000000000004,24.0,20.0
regional,22.55505407774607,25,28.000000000000004,20.0,16.0,16.0,16.0
metro,34.641856196045694,25,32.0,32.0,24.0,8.0,8.0
regional,53.52152422997404,25,32.0,28.000000000000004,16.0,16.0,12.0
regional,28.207744998279317,25,20.0,20.0,12.0,8.0,8.0
regional,40.01780829965273,25,32.0,24.0,20.0,20.0,16.0
regional,58.219899333467936,25,40.0,40.0,32.0,32.0,24.0
regional,26.621598579006168,25,32.0,20.0,16.0,12.0,0.0
metro,31.479240447653723,25,32.0,24.0,20.0,12.0,8.0
metro,27.05870181430401,25,28.000000000000004,28.000000000000004,16.0,12.0,4.0
metro,19.738065687963907,25,32.0,16.0,12.0,12.0,12.0
metro,11.553576081632075,25,20.0,12.0,8.0,4.0,4.0
regional,27.401897368268752,25,28.000000000000004,24.0,24.0,16.0,8.0
regional,47.388225435678336,25,32.0,28.000000000000004,20.0,20.0,12.0
regional,32.5030244376911,25,32.0,20.0,16.0,16.0,16.0
regional,88.4168969165577,25,44.0,36.0,32.0,28.000000000000004,16.0
metro,17.893657891395538,25,28.000000000000004,20.0,16.0,4.0,4.0
regional,38.05836068174826,25,28.000000000000004,20.0,16.0,12.0,12.0
regional,19.05337617424504,25,32.0,20.0,12.0,12.0,4.0
metro,16.4311386803999,25,28.000000000000004,16.0,8.0,8.0,8.0
regional,13.438674201941614,25,20.0,20.0,16.0,8.0,4.0
regional,32.84988960406853,25,24.0,8.0,4.0,4.0,4.0
metro,25.17198756940507,25,36.0,24.0,20.0,16.0,12.0
metro,21.193715166384592,25,16.0,12.0,12.0,12.0,8.0
metro,28.496489490173392,25,36.0,32.0,24.0,12.0,12.0
metro,22.011559051609094,25,32.0,20.0,12.0,12.0,12.0
metro,50.346404311229165,25,40.0,32.0,32.0,20.0,16.0
metro,28.021707592878098,25,12.0,8.0,8.0,4.0,0.0
metro,16.273522111049374,25,12.0,8.0,8.0,8.0,8.0
metro,19.24004994328844,25,28.000000000000004,20.0,12.0,8.0,8.0
metro,18.6464440005268,25,36.0,16.0,12.0,12.0,8.0
regional,49.01356851711925,25,48.0,32.0,24.0,16.0,12.0
metro,23.771031223953525,25,24.0,20.0,12.0,4.0,0.0
metro,67.26300106047474,25,40.0,40.0,32.0,28.000000000000004,20.0
regional,27.817017000380524,25,40.0,36.0,20.0,16.0,4.0
regional,23.207664945628117,25,32.0,24.0,16.0,12.0,8.0
regional,61.49923486903808,25,40.0,32.0,32.0,32.0,24.0
metro,23.771031223953536,25,24.0,8.0,4.0,4.0,4.0
regional,24.7725808754073,25,20.0,16.0,16.0,16.0,12.0
metro,34.41089168324828,25,36.0,28.000000000000004,24.0,8.0,4.0
metro,21.33599423450153,25,28.000000000000004,20.0,12.0,12.0,12.0
regional,37.580922969928984,25,28.000000000000004,28.000000000000004,24.0,16.0,16.0
regional,23.87247479217396,25,36.0,16.0,8.0,4.0,0.0
metro,17.65342545651747,25,16.0,12.0,8.0,4.0,4.0
metro,33.68317977387471,25,36.0,36.0,24.0,16.0,16.0
metro,17.550848779397555,25,20.0,16.0,0.0,0.0,0.0
regional,35.239159160942854,25,36.0,24.0,20.0,8.0,8.0
metro,19.391628954022117,25,28.000000000000004,16.0,4.0,4.0,0.0
metro,27.835180469321568,25,28.000000000000004,24.0,20.0,16.0,8.0
metro,26.269428243434966,25,36.0,20.0,16.0,8.0,8.0
metro,13.174247877618544,25,16.0,12.0,12.0,12.0,12.0
metro,19.544985956404698,25,24.0,16.0,16.0,12.0,8.0
regional,44.26883604865679,25,28.000000000000004,24.0,20.0,16.0,12.0
metro,29.339223250961243,25,40.0,36.0,12.0,8.0,4.0
regional,27.825197723680382,25,40.0,24.0,24.0,20.0,16.0
metro,56.966497038906475,25,40.0,40.0,36.0,28.000000000000004,28.000000000000004
metro,28.19326876575625,25,32.0,24.0,16.0,12.0,8.0
metro,34.9751325346591,25,36.0,28.000000000000004,12.0,8.0,4.0
regional,43.725714045959016,25,44.0,28.000000000000004,24.0,20.0,20.0
metro,39.95253164556962,25,48.0,44.0,28.000000000000004,20.0,4.0
metro,19.159486120328275,25,32.0,16.0,8.0,0.0,0.0
metro,29.173913043478265,25,24.0,16.0,12.0,4.0,0.0
regional,23.15897069499306,25,28.000000000000004,20.0,20.0,8.0,8.0
metro,60.209642873366434,25,36.0,32.0,24.0,20.0,16.0
metro,19.05010699986783,25,32.0,24.0,8.0,4.0,4.0
metro,33.814408854456445,25,24.0,20.0,12.0,8.0,8.0
metro,21.209269994334864,25,20.0,12.0,8.0,8.0,8.0
regional,41.57144747578716,25,32.0,28.000000000000004,28.000000000000004,28.000000000000004,24.0
metro,25.698232748520724,25,20.0,12.0,12.0,12.0,8.0
metro,30.62818314030199,25,32.0,28.000000000000004,20.0,16.0,12.0
regional,65.31199075807027,25,44.0,36.0,36.0,36.0,28.000000000000004
regional,54.32098765432099,25,44.0,44.0,44.0,40.0,32.0
metro,19.102813110241783,25,20.0,8.0,8.0,4.0,4.0
regional,20.473965796020625,25,32.0,20.0,20.0,8.0,0.0
metro,18.854226721008736,25,16.0,8.0,4.0,4.0,4.0
regional,23.093151006474123,25,32.0,20.0,20.0,12.0,12.0
metro,31.03218492471036,25,40.0,8.0,4.0,0.0,0.0
metro,18.09081255948406,25,32.0,24.0,12.0,12.0,8.0
regional,29.147358485042353,25,32.0,28.000000000000004,24.0,20.0,20.0
regional,27.665874919271943,25,24.0,16.0,16.0,8.0,4.0
regional,27.58886156491998,25,32.0,24.0,12.0,12.0,12.0
regional,13.507406653299284,25,24.0,16.0,12.0,12.0,8.0
metro,40.931549212748564,25,28.000000000000004,20.0,16.0,12.0,12.0
regional,23.149253980572205,25,24.0,20.0,20.0,20.0,20.0
metro,15.992440683943974,25,24.0,12.0,8.0,4.0,0.0
regional,32.34693032026217,25,36.0,28.000000000000004,20.0,12.0,12.0
regional,22.194619556550656,25,24.0,12.0,0.0,0.0,0.0
regional,25.407912483966467,25,32.0,20.0,12.0,8.0,0.0
metro,27.575561359711397,25,32.0,20.0,8.0,8.0,8.0
regional,30.331426309167732,25,24.0,24.0,20.0,20.0,16.0
metro,34.24274825954957,25,24.0,12.0,4.0,4.0,0.0
metro,25.446699231348752,25,24.0,16.0,12.0,8.0,8.0
regional,24.406069530025935,25,44.0,40.0,24.0,20.0,16.0
metro,17.982723915180138,25,32.0,12.0,4.0,4.0,4.0
regional,12.292690078471724,25,20.0,16.0,8.0,0.0,0.0
metro,16.82200697124027,25,20.0,8.0,4.0,4.0,4.0
metro,82.24503424900023,25,40.0,32.0,24.0,24.0,16.0
regional,23.621573779572252,25,28.000000000000004,24.0,20.0,16.0,16.0
regional,43.242277071987424,25,40.0,40.0,28.000000000000004,24.0,20.0
metro,36.68369400827735,25,36.0,24.0,20.0,20.0,16.0
regional,58.90645430177628,25,36.0,36.0,36.0,36.0,32.0
regional,33.85826771653544,25,24.0,12.0,8.0,8.0,8.0
metro,51.22129266891303,25,48.0,48.0,44.0,32.0,20.0
metro,20.580315841473894,25,32.0,16.0,8.0,8.0,4.0
metro,20.317580243596243,25,28.000000000000004,20.0,8.0,8.0,8.0
regional,50.212494007846956,25,16.0,16.0,16.0,16.0,12.0
metro,88.61724555090711,25,44.0,36.0,28.000000000000004,28.000000000000004,20.0
metro,19.625955812690236,25,16.0,12.0,8.0,8.0,8.0
metro,25.670458201697976,25,28.000000000000004,16.0,16.0,8.0,4.0
metro,34.39142400229086,25,40.0,28.000000000000004,12.0,4.0,4.0
metro,21.688516609950547,25,16.0,12.0,12.0,12.0,12.0
metro,19.26259725158812,25,16.0,12.0,8.0,8.0,8.0
regional,20.18867308768905,25,20.0,8.0,8.0,4.0,4.0
metro,16.36227223584531,25,24.0,8.0,8.0,0.0,0.0
metro,24.78910590897893,25,32.0,24.0,8.0,0.0,0.0
regional,54.276315789473685,25,36.0,28.000000000000004,24.0,16.0,12.0
metro,30.713075628727125,25,28.000000000000004,16.0,8.0,4.0,0.0
regional,26.404841395740085,25,32.0,28.000000000000004,20.0,20.0,12.0
regional,27.122327819109426,25,28.000000000000004,24.0,16.0,16.0,16.0
metro,31.479240447653723,25,28.000000000000004,24.0,20.0,16.0,12.0
regional,17.2778353633026,25,32.0,24.0,12.0,12.0,8.0
metro,51.51107797838744,25,20.0,12.0,0.0,0.0,0.0
metro,19.330006717330235,25,24.0,12.0,8.0,8.0,8.0
metro,30.876881700612273,25,24.0,24.0,16.0,16.0,12.0
metro,30.546654556442594,25,28.000000000000004,24.0,20.0,12.0,4.0
metro,13.95620317310666,25,20.0,12.0,4.0,4.0,0.0
regional,15.807784397275066,25,8.0,4.0,4.0,0.0,0.0
metro,22.859964270441242,25,28.000000000000004,16.0,12.0,4.0,4.0
regional,25.985663082437284,25,40.0,28.000000000000004,20.0,12.0,12.0
metro,54.369310104934634,25,36.0,32.0,20.0,4.0,0.0
regional,20.513546123770215,25,28.000000000000004,16.0,4.0,4.0,0.0
regional,25.52967297696032,25,28.000000000000004,20.0,12.0,12.0,12.0
metro,55.24955221918314,25,32.0,28.000000000000004,12.0,0.0,0.0
metro,38.8507047403573,25,36.0,24.0,20.0,16.0,16.0
metro,30.176068106441235,25,36.0,28.000000000000004,16.0,16.0,12.0
regional,18.027375660501683,25,24.0,16.0,8.0,4.0,4.0
regional,24.06424991749992,25,32.0,20.0,12.0,8.0,8.0
regional,26.72964921485981,25,32.0,24.0,24.0,24.0,12.0
metro,49.11189377888759,25,36.0,28.000000000000004,28.000000000000004,28.000000000000004,20.0
regional,16.489737486823845,25,24.0,12.0,4.0,4.0,4.0
metro,24.276141079195284,25,20.0,12.0,12.0,12.0,12.0
metro,15.532290857139634,25,4.0,4.0,4.0,4.0,0.0
metro,62.63749569155742,25,44.0,40.0,40.0,40.0,36.0
metro,19.69528708139322,25,8.0,0.0,0.0,0.0,0.0
metro,28.638446052366113,25,44.0,32.0,20.0,16.0,12.0
metro,42.21504392871737,25,28.000000000000004,24.0,16.0,12.0,12.0
metro,8.93972526650129,25,24.0,8.0,8.0,4.0,0.0
metro,21.400417913568525,25,40.0,16.0,4.0,0.0,0.0
metro,27.426010206812762,25,40.0,24.0,12.0,4.0,4.0
regional,32.13462248553879,25,24.0,24.0,24.0,24.0,24.0
metro,48.10756564051889,25,40.0,24.0,20.0,16.0,8.0
metro,38.843618765652764,25,40.0,32.0,28.000000000000004,28.000000000000004,16.0
regional,29.95026518263222,25,32.0,28.000000000000004,24.0,20.0,16.0
metro,38.10290863743743,25,28.000000000000004,28.000000000000004,24.0,24.0,12.0
regional,26.59062427425122,25,40.0,20.0,16.0,16.0,12.0
metro,62.2333860212226,25,36.0,32.0,20.0,16.0,12.0
regional,29.673537875334304,25,28.000000000000004,20.0,16.0,16.0,12.0
metro,21.548733896959504,25,24.0,24.0,12.0,8.0,0.0
regional,31.14251701408815,25,28.000000000000004,24.0,24.0,24.0,20.0
metro,16.705317332696414,25,32.0,24.0,16.0,12.0,12.0
metro,16.97984017335931,25,28.000000000000004,12.0,12.0,12.0,4.0
regional,45.66388055151401,25,24.0,16.0,8.0,8.0,8.0
metro,54.8544919359731,25,40.0,32.0,32.0,24.0,24.0
regional,23.890725927724592,25,36.0,24.0,12.0,12.0,8.0
regional,48.91715413626715,25,40.0,32.0,28.000000000000004,28.000000000000004,24.0
